upid,name,start_ts,end_ts,parent_upid
0,,,,
1,/system/bin/init,,,0.0
2,kthreadd,,,0.0
3,rcu_gp,,,2.0
4,slub_flushwq,,,2.0
5,netns,,,2.0
6,mm_percpu_wq,,,2.0
7,rcu_tasks_kthread,,,2.0
8,rcu_tasks_trace_kthread,,,2.0
9,ksoftirqd/0,,,2.0
10,rcu_preempt,,,2.0
11,rcuog/0,,,2.0
12,rcuop/0,,,2.0
13,rcub/0,,,2.0
14,rcu_exp_gp_kthread_worker,,,2.0
15,rcu_exp_par_gp_kthread_worker,,,2.0
16,migration/0,,,2.0
17,idle_inject/0,,,2.0
18,cpuhp/0,,,2.0
19,cpuhp/1,,,2.0
20,idle_inject/1,,,2.0
21,migration/1,,,2.0
22,ksoftirqd/1,,,2.0
23,kworker/1:0H,,,2.0
24,rcuop/1,,,2.0
25,cpuhp/2,,,2.0
26,idle_inject/2,,,2.0
27,migration/2,,,2.0
28,ksoftirqd/2,,,2.0
29,kworker/2:0H,,,2.0
30,rcuop/2,,,2.0
31,cpuhp/3,,,2.0
32,idle_inject/3,,,2.0
33,migration/3,,,2.0
34,ksoftirqd/3,,,2.0
35,kworker/3:0H,,,2.0
36,rcuop/3,,,2.0
37,cpuhp/4,,,2.0
38,idle_inject/4,,,2.0
39,migration/4,,,2.0
40,ksoftirqd/4,,,2.0
41,rcuog/4,,,2.0
42,rcuop/4,,,2.0
43,cpuhp/5,,,2.0
44,idle_inject/5,,,2.0
45,migration/5,,,2.0
46,ksoftirqd/5,,,2.0
47,rcuop/5,,,2.0
48,cpuhp/6,,,2.0
49,idle_inject/6,,,2.0
50,migration/6,,,2.0
51,ksoftirqd/6,,,2.0
52,rcuop/6,,,2.0
53,cpuhp/7,,,2.0
54,idle_inject/7,,,2.0
55,migration/7,,,2.0
56,ksoftirqd/7,,,2.0
57,rcuop/7,,,2.0
58,inet_frag_wq,,,2.0
59,kauditd,,,2.0
60,khungtaskd,,,2.0
61,oom_reaper,,,2.0
62,writeback,,,2.0
63,kcompactd0,,,2.0
64,kblockd,,,2.0
65,blkcg_punt_bio,,,2.0
66,edac-poller,,,2.0
67,devfreq_wq,,,2.0
68,watchdogd,,,2.0
69,kswapd0,,,2.0
70,erofs_worker/0,,,2.0
71,kthrotld,,,2.0
72,dmabuf-deferred-free-worker,,,2.0
73,nvme-wq,,,2.0
74,nvme-reset-wq,,,2.0
75,nvme-delete-wq,,,2.0
76,uas,,,2.0
77,dm_bufio_cache,,,2.0
78,hwrng,,,2.0
79,mld,,,2.0
80,ipv6_addrconf,,,2.0
81,irq/27-15110000.acpm_ipc,,,2.0
82,acpm_log,,,2.0
83,irq/160-aerdrv,,,2.0
84,pcie_wq,,,2.0
85,irq/162-aerdrv,,,2.0
86,pcie_wq,,,2.0
87,trusty-nop-0,,,2.0
88,trusty-nop-1,,,2.0
89,trusty-nop-2,,,2.0
90,trusty-nop-3,,,2.0
91,trusty-nop-4,,,2.0
92,trusty-nop-5,,,2.0
93,trusty-nop-6,,,2.0
94,trusty-nop-7,,,2.0
95,irq/167-15260000.exynos-adv_tracer,,,2.0
96,kdbgd,,,2.0
97,perf_mon_update_client_task,,,2.0
98,sched_pmu_wq,,,2.0
99,thermal_pressure,,,2.0
100,PT_resize,,,2.0
101,gnss_spi_wq,,,2.0
102,irq/187-eh_error,,,2.0
103,eh_comp_thread,,,2.0
104,irq/192-1a640000.sysmmu,,,2.0
105,irq/193-1a640000.sysmmu,,,2.0
106,irq/194-1a870000.sysmmu,,,2.0
107,irq/195-1a870000.sysmmu,,,2.0
108,irq/196-19840000.sysmmu,,,2.0
109,irq/197-19840000.sysmmu,,,2.0
110,irq/198-19c40000.sysmmu,,,2.0
111,irq/199-19c40000.sysmmu,,,2.0
112,irq/200-1c110000.sysmmu,,,2.0
113,irq/201-1c110000.sysmmu,,,2.0
114,irq/202-1c150000.sysmmu,,,2.0
115,irq/203-1c150000.sysmmu,,,2.0
116,irq/204-1c190000.sysmmu,,,2.0
117,irq/205-1c190000.sysmmu,,,2.0
118,irq/206-1d870000.sysmmu,,,2.0
119,irq/207-1d870000.sysmmu,,,2.0
120,irq/208-1a340000.sysmmu,,,2.0
121,irq/209-1a340000.sysmmu,,,2.0
122,irq/210-1c870000.sysmmu,,,2.0
123,irq/211-1c870000.sysmmu,,,2.0
124,irq/212-1cc80000.sysmmu,,,2.0
125,irq/213-1cc80000.sysmmu,,,2.0
126,irq/214-1ccc0000.sysmmu,,,2.0
127,irq/215-1ccc0000.sysmmu,,,2.0
128,irq/216-1cd00000.sysmmu,,,2.0
129,irq/217-1cd00000.sysmmu,,,2.0
130,irq/218-1c4a0000.sysmmu,,,2.0
131,irq/219-1c4a0000.sysmmu,,,2.0
132,irq/220-1c4e0000.sysmmu,,,2.0
133,irq/221-1c4e0000.sysmmu,,,2.0
134,irq/222-101c0000.sysmmu,,,2.0
135,irq/223-101c0000.sysmmu,,,2.0
136,irq/224-1a470000.sysmmu,,,2.0
137,irq/225-1a470000.sysmmu,,,2.0
138,irq/226-1d0a0000.sysmmu,,,2.0
139,irq/227-1d0a0000.sysmmu,,,2.0
140,irq/228-11040000.sysmmu,,,2.0
141,irq/229-11040000.sysmmu,,,2.0
142,irq/230-16440000.sysmmu,,,2.0
143,irq/231-16440000.sysmmu,,,2.0
144,irq/232-1d4c0000.sysmmu,,,2.0
145,irq/233-1d4c0000.sysmmu,,,2.0
146,irq/234-16c40000.sysmmu,,,2.0
147,irq/235-16c40000.sysmmu,,,2.0
148,irq/236-20a50000.sysmmu,,,2.0
149,irq/237-20a50000.sysmmu,,,2.0
150,irq/238-19090000.sysmmu,,,2.0
151,irq/239-19090000.sysmmu,,,2.0
152,simpleinteractive,,,2.0
153,simpleinteractive,,,2.0
154,simpleinteractive,,,2.0
155,simpleinteractive,,,2.0
156,simpleinteractive,,,2.0
157,simpleinteractive,,,2.0
158,simpleinteractive,,,2.0
159,simpleinteractive,,,2.0
160,simpleinteractive,,,2.0
161,simpleinteractive,,,2.0
162,g2d_completion,,,2.0
163,g2d_scheduler,,,2.0
164,scsi_eh_0,,,2.0
165,scsi_tmf_0,,,2.0
166,ufs_mgc_hibern8,,,2.0
167,ufs_eh_wq_0,,,2.0
168,ufs_clk_gating_,,,2.0
169,spi15,,,2.0
170,spi18,,,2.0
171,spi19,,,2.0
172,spi20,,,2.0
173,spi21,,,2.0
174,spi22,,,2.0
175,kworker/7:17,,,2.0
176,irq/314-s2mpg14-irq,,,2.0
177,slg51002wq,,,2.0
178,mfc/inst_migrat,,,2.0
179,mfc/butler,,,2.0
180,irq/360-1a4d0000.MFC-0,,,2.0
181,mfc_core/meerka,,,2.0
182,mfc_core/idle,,,2.0
183,mfc_core/butler,,,2.0
184,spmic-init,,,2.0
185,wq_odpm,,,2.0
186,wq_odpm,,,2.0
187,cp2ap_wakeup_wq,,,2.0
188,trigger_cp_cras,,,2.0
189,cpif_tpmon_moni,,,2.0
190,cpif_tpmon_boos,,,2.0
191,decon0_kthread,,,2.0
192,decon1_kthread,,,2.0
193,110f0000.drmdp,,,2.0
194,irq/409-max77779_pmic_irq,,,2.0
195,irq/415-max77779_pmic_sgpio_irq,,,2.0
196,ln8411_dc_wq,,,2.0
197,irq/412-max77779_charger,,,2.0
198,wq-tcpm-usb-psy-usb-type,,,2.0
199,wq-tcpm-usb-psy,,,2.0
200,max77759-bc12,,,2.0
201,irq/414-max77779_vimon,,,2.0
202,wq-tcpm-tcpc,,,2.0
203,wq-tcpc-dp-notification,,,2.0
204,wq-bcl-usb,,,2.0
205,i2c-max77759tcpc,,,2.0
206,irq/436-i2c-max77759tcpc,,,2.0
207,"google,usbc_por",,,2.0
208,irq/430-google_cpm_cop_warn,,,2.0
209,bcl_qos_update,,,2.0
210,irq/440-smpl_warn,,,2.0
211,irq/441-ocp_gpu,,,2.0
212,irq/411-max77779_fg_irq,,,2.0
213,irq/442-vdroop1,,,2.0
214,irq/416-batoilo,,,2.0
215,irq/443-batoilo2,,,2.0
216,gpu-dvfs-contro,,,2.0
217,gpu-dvfs-clockd,,,2.0
218,free_pages_work,,,2.0
219,mali_apc_thread,,,2.0
220,card0-crtc0,,,2.0
221,card0-crtc1,,,2.0
222,st_pstate_work,,,2.0
223,tbn_aoc_channel,,,2.0
224,f2fs_ckpt-8:10,,,2.0
225,f2fs_flush-8:10,,,2.0
226,f2fs_discard-8:10,,,2.0
227,f2fs_gc-8:10,,,2.0
228,kdmflush/254:0,,,2.0
229,kdmflush/254:1,,,2.0
230,kdmflush/254:2,,,2.0
231,kdmflush/254:3,,,2.0
232,kdmflush/254:4,,,2.0
233,kdmflush/254:5,,,2.0
234,kdmflush/254:6,,,2.0
235,kdmflush/254:7,,,2.0
236,kdmflush/254:8,,,2.0
237,kdmflush/254:9,,,2.0
238,kdmflush/254:10,,,2.0
239,kdmflush/254:11,,,2.0
240,kdmflush/254:12,,,2.0
241,kverityd,,,2.0
242,ext4-rsv-conver,,,2.0
243,kdmflush/254:13,,,2.0
244,kverityd,,,2.0
245,ext4-rsv-conver,,,2.0
246,kdmflush/254:14,,,2.0
247,kverityd,,,2.0
248,ext4-rsv-conver,,,2.0
249,kdmflush/254:15,,,2.0
250,kverityd,,,2.0
251,ext4-rsv-conver,,,2.0
252,kdmflush/254:16,,,2.0
253,kverityd,,,2.0
254,ext4-rsv-conver,,,2.0
255,kdmflush/254:17,,,2.0
256,kverityd,,,2.0
257,ext4-rsv-conver,,,2.0
258,kworker/3:1H,,,2.0
259,/system/bin/init,,,1.0
260,/system/bin/ueventd,,,1.0
261,kdmflush/254:18,,,2.0
262,kdmflush/254:20,,,2.0
263,kdmflush/254:21,,,2.0
264,kdmflush/254:22,,,2.0
265,kdmflush/254:24,,,2.0
266,kdmflush/254:27,,,2.0
267,kdmflush/254:28,,,2.0
268,kdmflush/254:29,,,2.0
269,kdmflush/254:30,,,2.0
270,kdmflush/254:33,,,2.0
271,kdmflush/254:35,,,2.0
272,kdmflush/254:36,,,2.0
273,kdmflush/254:37,,,2.0
274,kdmflush/254:38,,,2.0
275,kdmflush/254:39,,,2.0
276,kdmflush/254:41,,,2.0
277,kdmflush/254:42,,,2.0
278,kdmflush/254:43,,,2.0
279,kdmflush/254:45,,,2.0
280,kdmflush/254:46,,,2.0
281,kdmflush/254:48,,,2.0
282,kdmflush/254:49,,,2.0
283,kdmflush/254:52,,,2.0
284,kdmflush/254:55,,,2.0
285,kdmflush/254:56,,,2.0
286,kdmflush/254:58,,,2.0
287,ext4-rsv-conver,,,2.0
288,ext4-rsv-conver,,,2.0
289,ext4-rsv-conver,,,2.0
290,f2fs_ckpt-8:1,,,2.0
291,f2fs_flush-8:1,,,2.0
292,f2fs_discard-8:1,,,2.0
293,f2fs_gc-8:1,,,2.0
294,/system/bin/prng_seeder,,,1.0
295,/system/bin/logd,,,1.0
296,/system/bin/lmkd,,,1.0
297,/system/bin/servicemanager,,,1.0
298,/system/system_ext/bin/hwservicemanager,,,1.0
299,/vendor/bin/vndservicemanager,,,1.0
300,psimon,,,2.0
301,sugov:0,,,2.0
302,sugov:4,,,2.0
303,sugov:7,,,2.0
304,/system/bin/vold,,,1.0
305,ext4-rsv-conver,,,2.0
306,kdmflush/254:61,,,2.0
307,/system/bin/hw/android.system.suspend-service,,,1.0
308,/system/bin/keystore2,,,1.0
309,/vendor/bin/hw/android.hardware.boot-service.default-pixel,,,1.0
310,/vendor/bin/hw/android.hardware.security.keymint-service.citadel,,,1.0
311,/vendor/bin/hw/android.hardware.security.keymint-service.rust.trusty,,,1.0
312,/vendor/bin/hw/citadeld,,,1.0
313,/system/bin/surfaceflinger,,,1.0
314,/vendor/bin/hw/android.hardware.graphics.allocator-V2-service,,,1.0
315,/vendor/bin/hw/android.hardware.composer.hwc3-service.pixel,,,1.0
316,krfcommd,,,2.0
317,f2fs_ckpt-254:61,,,2.0
318,f2fs_flush-254:61,,,2.0
319,f2fs_discard-254:61,,,2.0
320,cfg80211,,,2.0
321,pa_kill,,,2.0
322,pa_kill,,,2.0
323,f2fs_gc-254:61,,,2.0
324,f2fs_ckpt-8:5,,,2.0
325,f2fs_flush-8:5,,,2.0
326,f2fs_discard-8:5,,,2.0
327,f2fs_gc-8:5,,,2.0
328,f2fs_ckpt-8:6,,,2.0
329,f2fs_flush-8:6,,,2.0
330,f2fs_discard-8:6,,,2.0
331,gxp_power_work_,,,2.0
332,irq/473-aurora_mcu_wdg,,,2.0
333,f2fs_gc-8:6,,,2.0
334,gxp_response_4,,,2.0
335,gxp_response_3,,,2.0
336,lwis_s_top,,,2.0
337,lwis_t_isp-fe,,,2.0
338,f2fs_ckpt-8:7,,,2.0
339,f2fs_flush-8:7,,,2.0
340,f2fs_discard-8:7,,,2.0
341,lwis_t_gdc0,,,2.0
342,lwis_t_gdc1,,,2.0
343,lwis_t_mcsc,,,2.0
344,lwis_t_gse,,,2.0
345,lwis_t_be-core,,,2.0
346,lwis_t_gtnr-merge,,,2.0
347,lwis_t_gtnr-align,,,2.0
348,lwis_t_lme,,,2.0
349,f2fs_gc-8:7,,,2.0
350,lwis_t_votf,,,2.0
351,lwis_I2C_Bus_5,,,2.0
352,lwis_I2C_Bus_3,,,2.0
353,lwis_I2C_Bus_2,,,2.0
354,lwis_I2C_Bus_1,,,2.0
355,/vendor/bin/hw/android.hardware.power-service.pixel-libperfmgr,,,1.0
356,lwis_I2C_Bus_4,,,2.0
357,lwis_t_tof-tarasque,,,2.0
358,cs35l41_ramp,,,2.0
359,irq/511-cs35l41,,,2.0
360,cs35l41,,,2.0
361,cs35l41_ramp,,,2.0
362,irq/512-cs35l41,,,2.0
363,/system/bin/tombstoned,,,1.0
364,cs35l41,,,2.0
365,mali-gpuq-kthread,,,2.0
366,csf_kcpu_worker,,,2.0
367,irq/515-qbt_ipc,,,2.0
368,hsspi,,,2.0
369,ext4-rsv-conver,,,2.0
370,ext4-rsv-conver,,,2.0
371,ext4-rsv-conver,,,2.0
372,ext4-rsv-conver,,,2.0
373,kverityd,,,2.0
374,ext4-rsv-conver,,,2.0
375,ext4-rsv-conver,,,2.0
376,ext4-rsv-conver,,,2.0
377,kverityd,,,2.0
378,ext4-rsv-conver,,,2.0
379,ext4-rsv-conver,,,2.0
380,ext4-rsv-conver,,,2.0
381,ext4-rsv-conver,,,2.0
382,ext4-rsv-conver,,,2.0
383,ext4-rsv-conver,,,2.0
384,kverityd,,,2.0
385,ext4-rsv-conver,,,2.0
386,ext4-rsv-conver,,,2.0
387,ext4-rsv-conver,,,2.0
388,ext4-rsv-conver,,,2.0
389,ext4-rsv-conver,,,2.0
390,kverityd,,,2.0
391,ext4-rsv-conver,,,2.0
392,kverityd,,,2.0
393,ext4-rsv-conver,,,2.0
394,kverityd,,,2.0
395,kverityd,,,2.0
396,ext4-rsv-conver,,,2.0
397,ext4-rsv-conver,,,2.0
398,ext4-rsv-conver,,,2.0
399,kverityd,,,2.0
400,kverityd,,,2.0
401,ext4-rsv-conver,,,2.0
402,kverityd,,,2.0
403,ext4-rsv-conver,,,2.0
404,ext4-rsv-conver,,,2.0
405,kverityd,,,2.0
406,ext4-rsv-conver,,,2.0
407,ext4-rsv-conver,,,2.0
408,kverityd,,,2.0
409,ext4-rsv-conver,,,2.0
410,kverityd,,,2.0
411,ext4-rsv-conver,,,2.0
412,kverityd,,,2.0
413,ext4-rsv-conver,,,2.0
414,kverityd,,,2.0
415,ext4-rsv-conver,,,2.0
416,kverityd,,,2.0
417,kverityd,,,2.0
418,kverityd,,,2.0
419,kverityd,,,2.0
420,kverityd,,,2.0
421,kverityd,,,2.0
422,ext4-rsv-conver,,,2.0
423,ext4-rsv-conver,,,2.0
424,kverityd,,,2.0
425,kverityd,,,2.0
426,kverityd,,,2.0
427,ext4-rsv-conver,,,2.0
428,ext4-rsv-conver,,,2.0
429,kverityd,,,2.0
430,kverityd,,,2.0
431,ext4-rsv-conver,,,2.0
432,ext4-rsv-conver,,,2.0
433,ext4-rsv-conver,,,2.0
434,ext4-rsv-conver,,,2.0
435,ext4-rsv-conver,,,2.0
436,ext4-rsv-conver,,,2.0
437,ext4-rsv-conver,,,2.0
438,magiskd,,,1.0
439,/vendor/bin/sscoredump,,,1.0
440,/system/bin/netd,,,1.0
441,/apex/com.android.os.statsd/bin/statsd,,,1.0
442,zygote64,,,1.0
443,/system/bin/iptables-restore,,,440.0
444,/system/bin/ip6tables-restore,,,440.0
445,/system/system_ext/bin/hw/android.hidl.allocator@1.0-service,,,1.0
446,/system_ext/bin/hw/vendor.google.edgetpu_app_service@1.0-service,,,1.0
447,/vendor/bin/hw/android.hardware.audio.service-aidl.aoc,,,1.0
448,/vendor/bin/hw/android.hardware.authsecret-service.citadel,,,1.0
449,/vendor/bin/hw/android.hardware.bluetooth-service.bcmbtlinux,,,1.0
450,/apex/com.google.pixel.camera.hal/bin/hw/android.hardware.camera.provider@2.7-service-google,,,1.0
451,/vendor/bin/hw/android.hardware.contexthub-service.generic,,,1.0
452,/vendor/bin/hw/android.hardware.drm-service.clearkey,,,1.0
453,/vendor/bin/hw/android.hardware.dumpstate-service,,,1.0
454,/vendor/bin/hw/android.hardware.gatekeeper-service.trusty,,,1.0
455,/vendor/bin/hw/android.hardware.health-service.zumapro,,,1.0
456,/vendor/bin/hw/android.hardware.neuralnetworks@service-darwinn-aidl,,,1.0
457,/vendor/bin/hw/android.hardware.oemlock-service.citadel,,,1.0
458,/vendor/bin/hw/android.hardware.power.stats-service.pixel,,,1.0
459,/vendor/bin/hw/android.hardware.qorvo.uwb-service,,,1.0
460,/vendor/bin/hw/android.hardware.secure_element-service.uicc,,,1.0
461,/vendor/bin/hw/android.hardware.secure_element-service.uicc,,,1.0
462,/vendor/bin/hw/android.hardware.secure_element-service.thales,,,1.0
463,/vendor/bin/hw/android.hardware.security.secretkeeper.trusty,,,1.0
464,/vendor/bin/hw/android.hardware.sensors-service.multihal,,,1.0
465,/vendor/bin/hw/android.hardware.usb-service,,,1.0
466,/vendor/bin/hw/android.hardware.usb.gadget-service,,,1.0
467,/vendor/bin/hw/android.hardware.weaver-service.citadel,,,1.0
468,/vendor/bin/hw/google.hardware.media.c2@2.0-service,,,1.0
469,/vendor/bin/hw/android.hardware.memtrack-service.pixel,,,1.0
470,/vendor/bin/hw/android.hardware.nfc-service.st,,,1.0
471,/vendor/bin/hw/samsung.hardware.media.c2@1.2-service,,,1.0
472,/vendor/bin/hw/vendor.dolby.media.c2@1.0-service,,,1.0
473,/vendor/bin/hw/vendor.google.aam-service,,,1.0
474,/vendor/bin/hw/vendor.google.google_battery-service,,,1.0
475,/vendor/bin/hw/vendor.google.radio_ext-service,,,1.0
476,/vendor/bin/hw/vendor.google.radioext@1.0-service,,,1.0
477,/vendor/bin/hw/vendor.google.wireless_charger-default,,,1.0
478,kworker/0:36H,,,2.0
479,/apex/com.android.hardware.cas/bin/hw/android.hardware.cas-service.example,,,1.0
480,/apex/com.google.android.widevine/bin/hw/android.hardware.drm-service.widevine,,,1.0
481,/apex/com.google.pixel.wifi.ext/bin/hw/vendor.google.wifi_ext-service-vendor,,,1.0
482,/system/bin/audioserver,,,1.0
483,/system/bin/credstore,,,1.0
484,/system/bin/gpuservice,,,1.0
485,/system_ext/bin/gs_watchdogd,,,1.0
486,/system_ext/bin/hw/vendor.google.whitechapel.audio.hal.parserservice,,,1.0
487,/vendor/bin/shared_modem_platform,,,1.0
488,/vendor/bin/modem_ml_svc_sit,,,1.0
489,/vendor/bin/hw/android.hardware.gnss-service.pixel,,,1.0
490,/vendor/bin/hw/android.hardware.neuralnetworks@service-darwinn-aidl,,,456.0
491,dhd_rx_pktpool_thread,,,2.0
492,dhd_watchdog_thread,,,2.0
493,dhd_rpm_state_thread,,,2.0
494,dhd_logtrace_thread,,,2.0
495,/system/bin/drmserver,,,1.0
496,/system/bin/traced_probes,,,1.0
497,/system/bin/traced,,,1.0
498,/system/vendor/bin/wfc-pkt-router,,,1.0
499,/system/bin/cameraserver,,,1.0
500,/system/bin/incidentd,,,1.0
501,/system/bin/installd,,,1.0
502,media.extractor,,,1.0
503,media.metrics,,,1.0
504,/system/bin/mediaserver,,,1.0
505,/system/bin/storaged,,,1.0
506,/system/bin/wificond,,,1.0
507,/vendor/bin/bipchmgr,,,1.0
508,/vendor/bin/cbd,,,1.0
509,/vendor/bin/dmd,,,1.0
510,/vendor/bin/hw/gnssd,,,1.0
511,/vendor/bin/hw/android.hardware.gnss-service,,,1.0
512,/vendor/bin/liboemservice_proxy_default,,,1.0
513,/vendor/bin/rfsd,,,1.0
514,/vendor/bin/hw/rild_exynos,,,1.0
515,/vendor/bin/trusty_metricsd,,,1.0
516,media.swcodec,,,1.0
517,/system/bin/gatekeeperd,,,1.0
518,/system/bin/update_engine,,,1.0
519,syna_reflash,,,2.0
520,/vendor/bin/hw/android.hardware.edgetpu.logging@service-edgetpu-logging,,,1.0
521,/vendor/bin/hw/android.hardware.gxp.logging@service-gxp-logging,,,1.0
522,/vendor/bin/aocd,,,1.0
523,/vendor/bin/aocxd,,,1.0
524,/apex/com.google.android.hardware.biometrics.face/bin/hw/android.hardware.biometrics.face-service.pixel,,,1.0
525,kworker/1:2H,,,2.0
526,irq/523-cs40l26,,,2.0
527,irq/521-synaptics_tcm,,,2.0
528,/vendor/bin/hw/android.hardware.vibrator-service.cs40l26,,,1.0
529,/vendor/bin/hw/battery_mitigation,,,1.0
530,com.google.usf,,,2.0
531,com.google.usf.non_wake_up,,,2.0
532,com.google.chre,,,2.0
533,com.google.chre.non_wake_up,,,2.0
534,system_server,,,442.0
535,kworker/7:6H,,,2.0
536,kworker/7:7H,,,2.0
537,kworker/5:21H,,,2.0
538,kworker/5:23H,,,2.0
539,irq/520-dhdpcie_host_wake,,,2.0
540,/vendor/bin/hw/android.hardware.thermal-service.pixel,,,1.0
541,csf_kcpu_worker,,,2.0
542,/vendor/bin/storageproxyd,,,1.0
543,/vendor/bin/hw/qfp-daemon,,,1.0
544,com.android.systemui,,,442.0
545,webview_zygote,,,442.0
546,com.android.networkstack.process,,,442.0
547,/vendor/bin/hw/android.hardware.input.processor-service,,,1.0
548,com.google.android.flipendo,,,442.0
549,dhd_eventd,,,2.0
550,com.google.android.bluetooth,,,442.0
551,/vendor/bin/hw/wpa_supplicant,,,1.0
552,com.google.android.pixelsystemservice,,,442.0
553,com.google.pixel.camera.services,,,442.0
554,com.google.android.grilservice,,,442.0
555,com.samsung.slsi.telephony.oem.oemrilhookservice,,,442.0
556,com.google.pixel.digitalkey.timesync,,,442.0
557,com.android.se,,,442.0
558,com.shannon.rcsservice,,,442.0
559,com.shannon.imsservice,,,442.0
560,com.google.android.apps.cbrsnetworkmonitor,,,442.0
561,com.android.pixeldisplayservice,,,442.0
562,com.samsung.slsi.telephony.oemril,,,442.0
563,com.android.phone,,,442.0
564,com.google.android.rilextension,,,442.0
565,com.android.telephony.imsmedia,,,442.0
566,com.android.settings,,,442.0
567,com.google.android.ext.services,,,442.0
568,kworker/6:22H,,,2.0
569,kworker/6:23H,,,2.0
570,com.google.android.apps.nexuslauncher,,,442.0
571,csf_kcpu_worker,,,2.0
572,com.google.android.iwlan,,,442.0
573,com.google.android.satellite,,,442.0
574,com.samsung.slsi.telephony.satelliteservice,,,442.0
575,com.android.qns,,,442.0
576,com.google.android.apps.wellbeing,,,442.0
577,/vendor/bin/twoshay,,,1.0
578,com.google.android.euicc,,,442.0
579,com.google.android.providers.media.module,,,442.0
580,/vendor/bin/pixelstats-vendor,,,1.0
581,com.android.printspooler,,,442.0
582,com.android.nfc,,,442.0
583,com.google.SSRestartDetector,,,442.0
584,com.google.android.connectivitythermalpowermanager,,,442.0
585,com.android.sdm.plugins.connmo,,,442.0
586,com.android.keychain,,,442.0
587,com.google.android.apps.dreamliner,,,442.0
588,com.google.euiccpixel,,,442.0
589,com.google.android.setupwizard,,,442.0
590,csf_kcpu_worker,,,2.0
591,csf_kcpu_worker,,,2.0
592,com.shannon.rcsservice:shannonrcsservice,,,442.0
593,.ShannonImsService,,,442.0
594,com.google.android.apps.camera.services,,,442.0
595,com.google.android.gm,,,442.0
596,com.google.android.gms.unstable,,,442.0
597,com.google.android.apps.wallpaper,,,442.0
598,com.google.android.inputmethod.latin,,,442.0
599,com.google.android.rkpdapp,,,442.0
600,com.android.localtransport,,,442.0
601,com.google.android.apps.turbo,,,442.0
602,com.google.android.apps.work.oobconfig,,,442.0
603,com.google.android.carriersetup,,,442.0
604,com.topjohnwu.magisk,,,442.0
605,su,,,604.0
606,/data/app/~~4sUpgNRQMDSAk-UB4wA-sg==/com.topjohnwu.magisk-EgBkgf4fr_jYYrocCacVjA==/lib/arm64/libbusybox.so,,,438.0
607,com.google.android.partnersetup,,,442.0
608,com.topjohnwu.magisk:root:0,,,606.0
609,com.google.omadm.trigger,,,442.0
610,com.android.imsserviceentitlement,,,442.0
611,com.google.RilConfigService,,,442.0
612,com.google.android.apps.carrier.carrierwifi,,,442.0
613,com.google.android.carrier,,,442.0
614,com.google.android.wfcactivation,,,442.0
615,com.android.DeviceAsWebcam,,,442.0
616,android.process.media,,,442.0
617,com.android.carrierdefaultapp,,,442.0
618,com.google.android.repairmode,,,442.0
619,com.google.android.apps.work.clouddpc,,,442.0
620,com.google.android.onetimeinitializer,,,442.0
621,com.google.android.apps.diagnosticstool,,,442.0
622,com.google.android.photopicker,,,442.0
623,com.android.devicediagnostics,,,442.0
624,csf_kcpu_worker,,,2.0
625,com.android.dynsystem,,,442.0
626,com.google.android.apps.scone,,,442.0
627,com.android.dynsystem:dynsystem,,,442.0
628,com.android.hotwordenrollment.okgoogle,,,442.0
629,com.android.hotwordenrollment.xgoogle,,,442.0
630,com.android.managedprovisioning,,,442.0
631,com.google.android.apps.stargate,,,442.0
632,com.google.android.pixelsystemservice:ephemeral,,,442.0
633,com.android.omadm.service,,,442.0
634,com.android.providers.calendar,,,442.0
635,com.google.android.apps.carrier.log,,,442.0
636,com.google.android.apps.docs,,,442.0
637,com.google.android.apps.maps,,,442.0
638,com.google.android.apps.nbu.files,,,442.0
639,kworker/2:2H,,,2.0
640,csf_kcpu_worker,,,2.0
641,com.google.android.turboadapter,,,442.0
642,com.google.android.apps.pixel.support,,,442.0
643,com.google.android.apps.restore,,,442.0
644,com.google.android.apps.setupwizard.searchselector,,,442.0
645,com.google.android.apps.turbo:aab,,,442.0
646,com.google.android.apps.turbo:ssb,,,442.0
647,com.google.android.calendar,,,442.0
648,csf_kcpu_worker,,,2.0
649,com.google.android.configupdater,,,442.0
650,com.google.android.federatedcompute,,,442.0
651,com.google.android.hardwareinfo,,,442.0
652,com.google.android.ondevicepersonalization.services,,,442.0
653,com.google.android.packageinstaller,,,442.0
654,com.google.android.projection.gearhead:car,,,442.0
655,com.google.android.tts,,,442.0
656,com.google.android.uvexposurereporter,,,442.0
657,com.google.android.videos,,,442.0
658,com.google.pixel.livewallpaper,,,442.0
659,com.android.externalstorage,,,442.0
660,com.android.chrome,,,442.0
661,com.google.android.apps.privacy.wildlife,,,442.0
662,com.google.android.settings.intelligence,,,442.0
663,csf_kcpu_worker,,,2.0
664,/apex/com.android.adbd/bin/adbd,,,1.0
665,/system/bin/mdnsd,,,1.0
666,kworker/0:0H,,,2.0
667,com.google.android.soundpicker,,,442.0
668,com.google.android.pixel.setupwizard,,,442.0
669,com.google.android.apps.accessibility.voiceaccess,,,442.0
670,com.google.assistant.hubui:search,,,442.0
671,com.google.android.apps.emojiwallpaper,,,442.0
672,com.google.android.accessibility.soundamplifier,,,442.0
673,com.google.android.projection.gearhead:shared,,,442.0
674,com.android.vending,,,442.0
675,csf_kcpu_worker,,,2.0
676,com.google.android.webview:webview_service,,,442.0
677,com.google.android.adservices.api,,,442.0
678,kworker/1:2,,,2.0
679,kworker/u17:3,,,2.0
680,irq/447-dwc3,,,2.0
681,com.google.android.setupwizard:remote,,,442.0
682,kworker/u16:9,,,2.0
683,kworker/4:0H,,,2.0
684,com.android.vending:quick_launch,,,442.0
685,kworker/2:2,,,2.0
686,com.google.android.deskclock,,,442.0
687,dio/dm-61,,,2.0
688,kworker/0:1,,,2.0
689,com.google.android.gms.persistent,,,442.0
690,kworker/5:2,,,2.0
691,kworker/6:0,,,2.0
692,com.google.android.gms,,,442.0
693,erofs_worker/1,,,2.0
694,erofs_worker/2,,,2.0
695,erofs_worker/3,,,2.0
696,erofs_worker/4,,,2.0
697,erofs_worker/5,,,2.0
698,erofs_worker/6,,,2.0
699,erofs_worker/7,,,2.0
700,kworker/3:1,,,2.0
701,com.google.android.youtube,,,442.0
702,kworker/6:2,,,2.0
703,com.android.vending:instant_app_installer,,,442.0
704,com.google.android.apps.weather,,,442.0
705,csf_kcpu_worker,,,2.0
706,csf_kcpu_worker,,,2.0
707,com.google.android.webview:webview_apk,,,442.0
708,com.fitbit.FitbitMobile,,,442.0
709,kworker/dying,,,2.0
710,csf_kcpu_worker,,,2.0
711,com.android.angle,,,442.0
712,com.android.traceur,,,442.0
713,com.google.android.accessibility.switchaccess,,,442.0
714,com.google.android.apps.pixel.dcservice:projection,,,442.0
715,com.google.android.gms.ui,,,442.0
716,com.google.android.apps.pixel.support:projection,,,442.0
717,com.google.android.permissioncontroller,,,442.0
718,com.google.android.apps.safetyhub,,,442.0
719,com.google.android.cellbroadcastreceiver,,,442.0
720,com.google.android.marvin.talkback,,,442.0
721,com.google.android.healthconnect.controller,,,442.0
722,com.google.android.GoogleCamera,,,442.0
723,csf_kcpu_worker,,,2.0
724,com.google.android.apps.messaging,,,442.0
725,com.google.android.apps.messaging:rcs,,,442.0
726,com.google.android.apps.photos,,,442.0
727,kworker/2:0,,,2.0
728,com.google.android.googlequicksearchbox:interactor,,,442.0
729,com.google.android.googlequicksearchbox:googleapp,,,442.0
730,com.google.android.as,,,442.0
731,com.google.android.as.oss,,,442.0
732,com.google.android.apps.pixel.agent,,,442.0
733,com.google.android.aicore,,,442.0
734,com.google.android.apps.docs.editors.docs,,,442.0
735,android.process.acore,,,442.0
736,com.google.android.keep,,,442.0
737,com.google.android.apps.magazines,,,442.0
738,com.google.android.apps.walletnfcrel,,,442.0
739,com.google.android.apps.subscriptions.red,,,442.0
740,com.google.android.apps.wear.companion,,,442.0
741,com.google.android.apps.wear.companion:persistent,,,442.0
742,kworker/4:1H,,,2.0
743,com.google.android.apps.adm,,,442.0
744,kworker/7:0,,,2.0
745,kworker/u17:0,,,2.0
746,kworker/3:2,,,2.0
747,kworker/5:0,,,2.0
748,kworker/u16:2,,,2.0
749,kworker/0:0,,,2.0
750,kworker/4:3,,,2.0
751,kworker/4:4,,,2.0
752,kworker/u17:2,,,2.0
753,com.google.android.apps.pixel.dcservice,,,442.0
754,kworker/u16:1,,,2.0
755,com.google.android.googlequicksearchbox:search,,,442.0
756,bigo_worker_thread,,,2.0
757,kworker/dying,,,2.0
758,kworker/1:3,,,2.0
759,kworker/5:1,,,2.0
760,kworker/0:2,,,2.0
761,kworker/4:0,,,2.0
762,kworker/2:1,,,2.0
763,kworker/2:3,,,2.0
764,kworker/0:3,,,2.0
765,/system/bin/traced_perf,,,1.0
